--------------------------------------------------------
--  File created - Sunday-April-27-2025   
--------------------------------------------------------
DROP TABLE "SYSTEM"."BANK_ACCOUNTS";
DROP TABLE "SYSTEM"."CLIENTS";
DROP TABLE "SYSTEM"."CONTACTS";
DROP TABLE "SYSTEM"."LOANS";
DROP TABLE "SYSTEM"."CLIENTS";
DROP TABLE "SYSTEM"."BANK_ACCOUNTS";
DROP TABLE "SYSTEM"."CONTACTS";
DROP TABLE "SYSTEM"."LOANS";
--------------------------------------------------------
--  DDL for Table BANK_ACCOUNTS
--------------------------------------------------------

  CREATE TABLE "SYSTEM"."BANK_ACCOUNTS" 
   (	"ACCOUNT_NUMBER" NUMBER(10,0), 
	"ACTIVE_STATUS" NUMBER(1,0), 
	"CLIENT_ID" NUMBER(5,0)
   ) PCTFREE 10 PCTUSED 40 INITRANS 1 MAXTRANS 255 
 NOCOMPRESS LOGGING
  STORAGE(INITIAL 65536 NEXT 1048576 MINEXTENTS 1 MAXEXTENTS 2147483645
  PCTINCREASE 0 FREELISTS 1 FREELIST GROUPS 1
  BUFFER_POOL DEFAULT FLASH_CACHE DEFAULT CELL_FLASH_CACHE DEFAULT)
  TABLESPACE "SYSTEM" ;
--------------------------------------------------------
--  DDL for Table CLIENTS
--------------------------------------------------------

  CREATE TABLE "SYSTEM"."CLIENTS" 
   (	"CLIENT_ID" NUMBER(5,0), 
	"FIRST_NAME" VARCHAR2(100 BYTE), 
	"LAST_NAME" VARCHAR2(100 BYTE), 
	"GENDER" VARCHAR2(10 BYTE), 
	"AGE" NUMBER(3,0), 
	"DATE_OF_BIRTH" DATE
   ) PCTFREE 10 PCTUSED 40 INITRANS 1 MAXTRANS 255 
 NOCOMPRESS LOGGING
  STORAGE(INITIAL 65536 NEXT 1048576 MINEXTENTS 1 MAXEXTENTS 2147483645
  PCTINCREASE 0 FREELISTS 1 FREELIST GROUPS 1
  BUFFER_POOL DEFAULT FLASH_CACHE DEFAULT CELL_FLASH_CACHE DEFAULT)
  TABLESPACE "SYSTEM" ;
--------------------------------------------------------
--  DDL for Table CONTACTS
--------------------------------------------------------

  CREATE TABLE "SYSTEM"."CONTACTS" 
   (	"CONTACT_ID" NUMBER(5,0), 
	"PHONE_NUMBER" VARCHAR2(20 BYTE), 
	"EMAIL" VARCHAR2(100 BYTE), 
	"CLIENT_ID" NUMBER(5,0)
   ) PCTFREE 10 PCTUSED 40 INITRANS 1 MAXTRANS 255 
 NOCOMPRESS LOGGING
  STORAGE(INITIAL 65536 NEXT 1048576 MINEXTENTS 1 MAXEXTENTS 2147483645
  PCTINCREASE 0 FREELISTS 1 FREELIST GROUPS 1
  BUFFER_POOL DEFAULT FLASH_CACHE DEFAULT CELL_FLASH_CACHE DEFAULT)
  TABLESPACE "SYSTEM" ;
--------------------------------------------------------
--  DDL for Table LOANS
--------------------------------------------------------

  CREATE TABLE "SYSTEM"."LOANS" 
   (	"LOAN_ID" NUMBER(5,0), 
	"LOAN_AMOUNT" NUMBER(12,2), 
	"PERCENTAGE" NUMBER(5,2), 
	"LOAN_APPLICATION_DATE" DATE, 
	"LOAN_DUE_DATE" DATE, 
	"CLIENT_ID" NUMBER(5,0)
   ) PCTFREE 10 PCTUSED 40 INITRANS 1 MAXTRANS 255 
 NOCOMPRESS LOGGING
  STORAGE(INITIAL 65536 NEXT 1048576 MINEXTENTS 1 MAXEXTENTS 2147483645
  PCTINCREASE 0 FREELISTS 1 FREELIST GROUPS 1
  BUFFER_POOL DEFAULT FLASH_CACHE DEFAULT CELL_FLASH_CACHE DEFAULT)
  TABLESPACE "SYSTEM" ;
--------------------------------------------------------
--  DDL for Table CLIENTS
--------------------------------------------------------

  CREATE TABLE "SYSTEM"."CLIENTS" 
   (	"CLIENT_ID" NUMBER(5,0), 
	"FIRST_NAME" VARCHAR2(100 BYTE), 
	"LAST_NAME" VARCHAR2(100 BYTE), 
	"GENDER" VARCHAR2(10 BYTE), 
	"AGE" NUMBER(3,0), 
	"DATE_OF_BIRTH" DATE
   ) PCTFREE 10 PCTUSED 40 INITRANS 1 MAXTRANS 255 
 NOCOMPRESS LOGGING
  STORAGE(INITIAL 65536 NEXT 1048576 MINEXTENTS 1 MAXEXTENTS 2147483645
  PCTINCREASE 0 FREELISTS 1 FREELIST GROUPS 1
  BUFFER_POOL DEFAULT FLASH_CACHE DEFAULT CELL_FLASH_CACHE DEFAULT)
  TABLESPACE "SYSTEM" ;
--------------------------------------------------------
--  DDL for Table BANK_ACCOUNTS
--------------------------------------------------------

  CREATE TABLE "SYSTEM"."BANK_ACCOUNTS" 
   (	"ACCOUNT_NUMBER" NUMBER(10,0), 
	"ACTIVE_STATUS" NUMBER(1,0), 
	"CLIENT_ID" NUMBER(5,0)
   ) PCTFREE 10 PCTUSED 40 INITRANS 1 MAXTRANS 255 
 NOCOMPRESS LOGGING
  STORAGE(INITIAL 65536 NEXT 1048576 MINEXTENTS 1 MAXEXTENTS 2147483645
  PCTINCREASE 0 FREELISTS 1 FREELIST GROUPS 1
  BUFFER_POOL DEFAULT FLASH_CACHE DEFAULT CELL_FLASH_CACHE DEFAULT)
  TABLESPACE "SYSTEM" ;
--------------------------------------------------------
--  DDL for Table CONTACTS
--------------------------------------------------------

  CREATE TABLE "SYSTEM"."CONTACTS" 
   (	"CONTACT_ID" NUMBER(5,0), 
	"PHONE_NUMBER" VARCHAR2(20 BYTE), 
	"EMAIL" VARCHAR2(100 BYTE), 
	"CLIENT_ID" NUMBER(5,0)
   ) PCTFREE 10 PCTUSED 40 INITRANS 1 MAXTRANS 255 
 NOCOMPRESS LOGGING
  STORAGE(INITIAL 65536 NEXT 1048576 MINEXTENTS 1 MAXEXTENTS 2147483645
  PCTINCREASE 0 FREELISTS 1 FREELIST GROUPS 1
  BUFFER_POOL DEFAULT FLASH_CACHE DEFAULT CELL_FLASH_CACHE DEFAULT)
  TABLESPACE "SYSTEM" ;
--------------------------------------------------------
--  DDL for Table LOANS
--------------------------------------------------------

  CREATE TABLE "SYSTEM"."LOANS" 
   (	"LOAN_ID" NUMBER(5,0), 
	"LOAN_AMOUNT" NUMBER(12,2), 
	"PERCENTAGE" NUMBER(5,2), 
	"LOAN_APPLICATION_DATE" DATE, 
	"LOAN_DUE_DATE" DATE, 
	"CLIENT_ID" NUMBER(5,0)
   ) PCTFREE 10 PCTUSED 40 INITRANS 1 MAXTRANS 255 
 NOCOMPRESS LOGGING
  STORAGE(INITIAL 65536 NEXT 1048576 MINEXTENTS 1 MAXEXTENTS 2147483645
  PCTINCREASE 0 FREELISTS 1 FREELIST GROUPS 1
  BUFFER_POOL DEFAULT FLASH_CACHE DEFAULT CELL_FLASH_CACHE DEFAULT)
  TABLESPACE "SYSTEM" ;
REM INSERTING into SYSTEM.BANK_ACCOUNTS
SET DEFINE OFF;
Insert into SYSTEM.BANK_ACCOUNTS (ACCOUNT_NUMBER,ACTIVE_STATUS,CLIENT_ID) values (8374926150,1,1);
Insert into SYSTEM.BANK_ACCOUNTS (ACCOUNT_NUMBER,ACTIVE_STATUS,CLIENT_ID) values (1928475630,1,2);
Insert into SYSTEM.BANK_ACCOUNTS (ACCOUNT_NUMBER,ACTIVE_STATUS,CLIENT_ID) values (7053948126,1,3);
Insert into SYSTEM.BANK_ACCOUNTS (ACCOUNT_NUMBER,ACTIVE_STATUS,CLIENT_ID) values (3849502176,0,4);
Insert into SYSTEM.BANK_ACCOUNTS (ACCOUNT_NUMBER,ACTIVE_STATUS,CLIENT_ID) values (9201538476,1,5);
Insert into SYSTEM.BANK_ACCOUNTS (ACCOUNT_NUMBER,ACTIVE_STATUS,CLIENT_ID) values (4759183206,0,6);
Insert into SYSTEM.BANK_ACCOUNTS (ACCOUNT_NUMBER,ACTIVE_STATUS,CLIENT_ID) values (6198372045,1,7);
Insert into SYSTEM.BANK_ACCOUNTS (ACCOUNT_NUMBER,ACTIVE_STATUS,CLIENT_ID) values (8302194756,0,8);
Insert into SYSTEM.BANK_ACCOUNTS (ACCOUNT_NUMBER,ACTIVE_STATUS,CLIENT_ID) values (5487263091,1,9);
Insert into SYSTEM.BANK_ACCOUNTS (ACCOUNT_NUMBER,ACTIVE_STATUS,CLIENT_ID) values (7304921685,1,10);
Insert into SYSTEM.BANK_ACCOUNTS (ACCOUNT_NUMBER,ACTIVE_STATUS,CLIENT_ID) values (9012387456,0,11);
Insert into SYSTEM.BANK_ACCOUNTS (ACCOUNT_NUMBER,ACTIVE_STATUS,CLIENT_ID) values (6728493012,1,12);
Insert into SYSTEM.BANK_ACCOUNTS (ACCOUNT_NUMBER,ACTIVE_STATUS,CLIENT_ID) values (3985721604,1,13);
Insert into SYSTEM.BANK_ACCOUNTS (ACCOUNT_NUMBER,ACTIVE_STATUS,CLIENT_ID) values (8130962547,0,14);
Insert into SYSTEM.BANK_ACCOUNTS (ACCOUNT_NUMBER,ACTIVE_STATUS,CLIENT_ID) values (2863195704,1,15);
Insert into SYSTEM.BANK_ACCOUNTS (ACCOUNT_NUMBER,ACTIVE_STATUS,CLIENT_ID) values (5471938062,1,16);
Insert into SYSTEM.BANK_ACCOUNTS (ACCOUNT_NUMBER,ACTIVE_STATUS,CLIENT_ID) values (9314786205,0,17);
Insert into SYSTEM.BANK_ACCOUNTS (ACCOUNT_NUMBER,ACTIVE_STATUS,CLIENT_ID) values (7603219845,1,18);
Insert into SYSTEM.BANK_ACCOUNTS (ACCOUNT_NUMBER,ACTIVE_STATUS,CLIENT_ID) values (8205943761,1,19);
Insert into SYSTEM.BANK_ACCOUNTS (ACCOUNT_NUMBER,ACTIVE_STATUS,CLIENT_ID) values (6152874390,0,20);
REM INSERTING into SYSTEM.CLIENTS
SET DEFINE OFF;
Insert into SYSTEM.CLIENTS (CLIENT_ID,FIRST_NAME,LAST_NAME,GENDER,AGE,DATE_OF_BIRTH) values (1,'John','Smith','Male',55,to_date('12-JUN-70','DD-MON-RR'));
Insert into SYSTEM.CLIENTS (CLIENT_ID,FIRST_NAME,LAST_NAME,GENDER,AGE,DATE_OF_BIRTH) values (2,'Emma','Johnson','Female',52,to_date('10-APR-72','DD-MON-RR'));
Insert into SYSTEM.CLIENTS (CLIENT_ID,FIRST_NAME,LAST_NAME,GENDER,AGE,DATE_OF_BIRTH) values (3,'William','Brown','Male',49,to_date('08-SEP-75','DD-MON-RR'));
Insert into SYSTEM.CLIENTS (CLIENT_ID,FIRST_NAME,LAST_NAME,GENDER,AGE,DATE_OF_BIRTH) values (4,'Olivia','Davis','Female',46,to_date('05-NOV-78','DD-MON-RR'));
Insert into SYSTEM.CLIENTS (CLIENT_ID,FIRST_NAME,LAST_NAME,GENDER,AGE,DATE_OF_BIRTH) values (5,'James','Miller','Male',43,to_date('20-MAR-81','DD-MON-RR'));
Insert into SYSTEM.CLIENTS (CLIENT_ID,FIRST_NAME,LAST_NAME,GENDER,AGE,DATE_OF_BIRTH) values (6,'Ava','Wilson','Female',40,to_date('17-JUL-84','DD-MON-RR'));
Insert into SYSTEM.CLIENTS (CLIENT_ID,FIRST_NAME,LAST_NAME,GENDER,AGE,DATE_OF_BIRTH) values (7,'Henry','Moore','Male',38,to_date('15-JAN-86','DD-MON-RR'));
Insert into SYSTEM.CLIENTS (CLIENT_ID,FIRST_NAME,LAST_NAME,GENDER,AGE,DATE_OF_BIRTH) values (8,'Isabella','Taylor','Female',35,to_date('30-OCT-89','DD-MON-RR'));
Insert into SYSTEM.CLIENTS (CLIENT_ID,FIRST_NAME,LAST_NAME,GENDER,AGE,DATE_OF_BIRTH) values (9,'Lucas','Anderson','Male',32,to_date('04-JUN-92','DD-MON-RR'));
Insert into SYSTEM.CLIENTS (CLIENT_ID,FIRST_NAME,LAST_NAME,GENDER,AGE,DATE_OF_BIRTH) values (10,'Mia','Thomas','Female',30,to_date('25-FEB-94','DD-MON-RR'));
Insert into SYSTEM.CLIENTS (CLIENT_ID,FIRST_NAME,LAST_NAME,GENDER,AGE,DATE_OF_BIRTH) values (11,'Daniel','Jackson','Male',28,to_date('11-AUG-96','DD-MON-RR'));
Insert into SYSTEM.CLIENTS (CLIENT_ID,FIRST_NAME,LAST_NAME,GENDER,AGE,DATE_OF_BIRTH) values (12,'Sophia','White','Female',26,to_date('05-JAN-98','DD-MON-RR'));
Insert into SYSTEM.CLIENTS (CLIENT_ID,FIRST_NAME,LAST_NAME,GENDER,AGE,DATE_OF_BIRTH) values (13,'Matthew','Harris','Male',24,to_date('19-SEP-00','DD-MON-RR'));
Insert into SYSTEM.CLIENTS (CLIENT_ID,FIRST_NAME,LAST_NAME,GENDER,AGE,DATE_OF_BIRTH) values (14,'Charlotte','Martin','Female',22,to_date('14-MAR-02','DD-MON-RR'));
Insert into SYSTEM.CLIENTS (CLIENT_ID,FIRST_NAME,LAST_NAME,GENDER,AGE,DATE_OF_BIRTH) values (15,'Joseph','Thompson','Male',21,to_date('03-DEC-03','DD-MON-RR'));
Insert into SYSTEM.CLIENTS (CLIENT_ID,FIRST_NAME,LAST_NAME,GENDER,AGE,DATE_OF_BIRTH) values (16,'Amelia','Garcia','Female',19,to_date('20-JUN-05','DD-MON-RR'));
Insert into SYSTEM.CLIENTS (CLIENT_ID,FIRST_NAME,LAST_NAME,GENDER,AGE,DATE_OF_BIRTH) values (17,'Andrew','Martinez','Male',18,to_date('10-MAY-06','DD-MON-RR'));
Insert into SYSTEM.CLIENTS (CLIENT_ID,FIRST_NAME,LAST_NAME,GENDER,AGE,DATE_OF_BIRTH) values (18,'Grace','Robinson','Female',17,to_date('22-NOV-07','DD-MON-RR'));
Insert into SYSTEM.CLIENTS (CLIENT_ID,FIRST_NAME,LAST_NAME,GENDER,AGE,DATE_OF_BIRTH) values (19,'David','Clark','Male',16,to_date('18-OCT-08','DD-MON-RR'));
Insert into SYSTEM.CLIENTS (CLIENT_ID,FIRST_NAME,LAST_NAME,GENDER,AGE,DATE_OF_BIRTH) values (20,'Emily','Lewis','Female',15,to_date('09-AUG-09','DD-MON-RR'));
REM INSERTING into SYSTEM.CONTACTS
SET DEFINE OFF;
Insert into SYSTEM.CONTACTS (CONTACT_ID,PHONE_NUMBER,EMAIL,CLIENT_ID) values (1,'555-1011','john.smith@example.com',1);
Insert into SYSTEM.CONTACTS (CONTACT_ID,PHONE_NUMBER,EMAIL,CLIENT_ID) values (2,'555-1012','emma.johnson@example.com',2);
Insert into SYSTEM.CONTACTS (CONTACT_ID,PHONE_NUMBER,EMAIL,CLIENT_ID) values (3,'555-1013','william.brown@example.com',3);
Insert into SYSTEM.CONTACTS (CONTACT_ID,PHONE_NUMBER,EMAIL,CLIENT_ID) values (4,'555-1014','olivia.davis@example.com',4);
Insert into SYSTEM.CONTACTS (CONTACT_ID,PHONE_NUMBER,EMAIL,CLIENT_ID) values (5,'555-1015','james.miller@example.com',5);
Insert into SYSTEM.CONTACTS (CONTACT_ID,PHONE_NUMBER,EMAIL,CLIENT_ID) values (6,'555-1016','ava.wilson@example.com',6);
Insert into SYSTEM.CONTACTS (CONTACT_ID,PHONE_NUMBER,EMAIL,CLIENT_ID) values (7,'555-1017','henry.moore@example.com',7);
Insert into SYSTEM.CONTACTS (CONTACT_ID,PHONE_NUMBER,EMAIL,CLIENT_ID) values (8,'555-1018','isabella.taylor@example.com',8);
Insert into SYSTEM.CONTACTS (CONTACT_ID,PHONE_NUMBER,EMAIL,CLIENT_ID) values (9,'555-1019','lucas.anderson@example.com',9);
Insert into SYSTEM.CONTACTS (CONTACT_ID,PHONE_NUMBER,EMAIL,CLIENT_ID) values (10,'555-1020','mia.thomas@example.com',10);
Insert into SYSTEM.CONTACTS (CONTACT_ID,PHONE_NUMBER,EMAIL,CLIENT_ID) values (11,'555-1021','daniel.jackson@example.com',11);
Insert into SYSTEM.CONTACTS (CONTACT_ID,PHONE_NUMBER,EMAIL,CLIENT_ID) values (12,'555-1022','sophia.white@example.com',12);
Insert into SYSTEM.CONTACTS (CONTACT_ID,PHONE_NUMBER,EMAIL,CLIENT_ID) values (13,'555-1023','matthew.harris@example.com',13);
Insert into SYSTEM.CONTACTS (CONTACT_ID,PHONE_NUMBER,EMAIL,CLIENT_ID) values (14,'555-1024','charlotte.martin@example.com',14);
Insert into SYSTEM.CONTACTS (CONTACT_ID,PHONE_NUMBER,EMAIL,CLIENT_ID) values (15,'555-1025','joseph.thompson@example.com',15);
Insert into SYSTEM.CONTACTS (CONTACT_ID,PHONE_NUMBER,EMAIL,CLIENT_ID) values (16,'555-1026','amelia.garcia@example.com',16);
Insert into SYSTEM.CONTACTS (CONTACT_ID,PHONE_NUMBER,EMAIL,CLIENT_ID) values (17,'555-1027','andrew.martinez@example.com',17);
Insert into SYSTEM.CONTACTS (CONTACT_ID,PHONE_NUMBER,EMAIL,CLIENT_ID) values (18,'555-1028','grace.robinson@example.com',18);
Insert into SYSTEM.CONTACTS (CONTACT_ID,PHONE_NUMBER,EMAIL,CLIENT_ID) values (19,'555-1029','david.clark@example.com',19);
Insert into SYSTEM.CONTACTS (CONTACT_ID,PHONE_NUMBER,EMAIL,CLIENT_ID) values (20,'555-1030','emily.lewis@example.com',20);
REM INSERTING into SYSTEM.LOANS
SET DEFINE OFF;
Insert into SYSTEM.LOANS (LOAN_ID,LOAN_AMOUNT,PERCENTAGE,LOAN_APPLICATION_DATE,LOAN_DUE_DATE,CLIENT_ID) values (1,15000,5.5,to_date('15-JAN-10','DD-MON-RR'),to_date('15-JAN-15','DD-MON-RR'),1);
Insert into SYSTEM.LOANS (LOAN_ID,LOAN_AMOUNT,PERCENTAGE,LOAN_APPLICATION_DATE,LOAN_DUE_DATE,CLIENT_ID) values (2,20000,6.2,to_date('20-MAR-11','DD-MON-RR'),to_date('20-MAR-16','DD-MON-RR'),2);
Insert into SYSTEM.LOANS (LOAN_ID,LOAN_AMOUNT,PERCENTAGE,LOAN_APPLICATION_DATE,LOAN_DUE_DATE,CLIENT_ID) values (3,18000,5.9,to_date('25-MAY-12','DD-MON-RR'),to_date('25-MAY-17','DD-MON-RR'),3);
Insert into SYSTEM.LOANS (LOAN_ID,LOAN_AMOUNT,PERCENTAGE,LOAN_APPLICATION_DATE,LOAN_DUE_DATE,CLIENT_ID) values (4,22000,7,to_date('30-JUL-13','DD-MON-RR'),to_date('30-JUL-18','DD-MON-RR'),4);
Insert into SYSTEM.LOANS (LOAN_ID,LOAN_AMOUNT,PERCENTAGE,LOAN_APPLICATION_DATE,LOAN_DUE_DATE,CLIENT_ID) values (5,17000,6.5,to_date('10-SEP-14','DD-MON-RR'),to_date('10-SEP-19','DD-MON-RR'),5);
Insert into SYSTEM.LOANS (LOAN_ID,LOAN_AMOUNT,PERCENTAGE,LOAN_APPLICATION_DATE,LOAN_DUE_DATE,CLIENT_ID) values (6,16000,5.2,to_date('05-NOV-15','DD-MON-RR'),to_date('05-NOV-20','DD-MON-RR'),6);
Insert into SYSTEM.LOANS (LOAN_ID,LOAN_AMOUNT,PERCENTAGE,LOAN_APPLICATION_DATE,LOAN_DUE_DATE,CLIENT_ID) values (7,19500,6.1,to_date('15-DEC-16','DD-MON-RR'),to_date('15-DEC-21','DD-MON-RR'),7);
Insert into SYSTEM.LOANS (LOAN_ID,LOAN_AMOUNT,PERCENTAGE,LOAN_APPLICATION_DATE,LOAN_DUE_DATE,CLIENT_ID) values (8,23000,7.3,to_date('10-FEB-17','DD-MON-RR'),to_date('10-FEB-22','DD-MON-RR'),8);
Insert into SYSTEM.LOANS (LOAN_ID,LOAN_AMOUNT,PERCENTAGE,LOAN_APPLICATION_DATE,LOAN_DUE_DATE,CLIENT_ID) values (9,14500,4.9,to_date('01-APR-18','DD-MON-RR'),to_date('01-APR-23','DD-MON-RR'),9);
Insert into SYSTEM.LOANS (LOAN_ID,LOAN_AMOUNT,PERCENTAGE,LOAN_APPLICATION_DATE,LOAN_DUE_DATE,CLIENT_ID) values (10,21000,6.8,to_date('15-JUN-19','DD-MON-RR'),to_date('15-JUN-24','DD-MON-RR'),10);
Insert into SYSTEM.LOANS (LOAN_ID,LOAN_AMOUNT,PERCENTAGE,LOAN_APPLICATION_DATE,LOAN_DUE_DATE,CLIENT_ID) values (11,14000,4.5,to_date('10-AUG-20','DD-MON-RR'),to_date('10-AUG-25','DD-MON-RR'),11);
Insert into SYSTEM.LOANS (LOAN_ID,LOAN_AMOUNT,PERCENTAGE,LOAN_APPLICATION_DATE,LOAN_DUE_DATE,CLIENT_ID) values (12,15500,5.7,to_date('22-OCT-21','DD-MON-RR'),to_date('22-OCT-26','DD-MON-RR'),12);
Insert into SYSTEM.LOANS (LOAN_ID,LOAN_AMOUNT,PERCENTAGE,LOAN_APPLICATION_DATE,LOAN_DUE_DATE,CLIENT_ID) values (13,24000,7.6,to_date('05-DEC-22','DD-MON-RR'),to_date('05-DEC-27','DD-MON-RR'),13);
Insert into SYSTEM.LOANS (LOAN_ID,LOAN_AMOUNT,PERCENTAGE,LOAN_APPLICATION_DATE,LOAN_DUE_DATE,CLIENT_ID) values (14,13500,4.8,to_date('18-JAN-23','DD-MON-RR'),to_date('18-JAN-28','DD-MON-RR'),14);
Insert into SYSTEM.LOANS (LOAN_ID,LOAN_AMOUNT,PERCENTAGE,LOAN_APPLICATION_DATE,LOAN_DUE_DATE,CLIENT_ID) values (15,12500,4.2,to_date('10-APR-23','DD-MON-RR'),to_date('10-APR-28','DD-MON-RR'),15);
Insert into SYSTEM.LOANS (LOAN_ID,LOAN_AMOUNT,PERCENTAGE,LOAN_APPLICATION_DATE,LOAN_DUE_DATE,CLIENT_ID) values (16,20000,6,to_date('01-JUN-23','DD-MON-RR'),to_date('01-JUN-28','DD-MON-RR'),16);
Insert into SYSTEM.LOANS (LOAN_ID,LOAN_AMOUNT,PERCENTAGE,LOAN_APPLICATION_DATE,LOAN_DUE_DATE,CLIENT_ID) values (17,18500,5.4,to_date('22-SEP-23','DD-MON-RR'),to_date('22-SEP-28','DD-MON-RR'),17);
Insert into SYSTEM.LOANS (LOAN_ID,LOAN_AMOUNT,PERCENTAGE,LOAN_APPLICATION_DATE,LOAN_DUE_DATE,CLIENT_ID) values (18,21500,6.7,to_date('10-FEB-24','DD-MON-RR'),to_date('10-FEB-29','DD-MON-RR'),18);
Insert into SYSTEM.LOANS (LOAN_ID,LOAN_AMOUNT,PERCENTAGE,LOAN_APPLICATION_DATE,LOAN_DUE_DATE,CLIENT_ID) values (19,19500,5.9,to_date('13-MAY-24','DD-MON-RR'),to_date('13-MAY-29','DD-MON-RR'),19);
Insert into SYSTEM.LOANS (LOAN_ID,LOAN_AMOUNT,PERCENTAGE,LOAN_APPLICATION_DATE,LOAN_DUE_DATE,CLIENT_ID) values (20,16000,5.1,to_date('01-JUL-24','DD-MON-RR'),to_date('01-JUL-29','DD-MON-RR'),20);
--------------------------------------------------------
--  DDL for Index PK_BANK_ACC
--------------------------------------------------------

  CREATE UNIQUE INDEX "SYSTEM"."PK_BANK_ACC" ON "SYSTEM"."BANK_ACCOUNTS" ("ACCOUNT_NUMBER") 
  PCTFREE 10 INITRANS 2 MAXTRANS 255 COMPUTE STATISTICS 
  STORAGE(INITIAL 65536 NEXT 1048576 MINEXTENTS 1 MAXEXTENTS 2147483645
  PCTINCREASE 0 FREELISTS 1 FREELIST GROUPS 1
  BUFFER_POOL DEFAULT FLASH_CACHE DEFAULT CELL_FLASH_CACHE DEFAULT)
  TABLESPACE "SYSTEM" ;
--------------------------------------------------------
--  DDL for Index PK_CLIENTS
--------------------------------------------------------

  CREATE UNIQUE INDEX "SYSTEM"."PK_CLIENTS" ON "SYSTEM"."CLIENTS" ("CLIENT_ID") 
  PCTFREE 10 INITRANS 2 MAXTRANS 255 COMPUTE STATISTICS 
  STORAGE(INITIAL 65536 NEXT 1048576 MINEXTENTS 1 MAXEXTENTS 2147483645
  PCTINCREASE 0 FREELISTS 1 FREELIST GROUPS 1
  BUFFER_POOL DEFAULT FLASH_CACHE DEFAULT CELL_FLASH_CACHE DEFAULT)
  TABLESPACE "SYSTEM" ;
--------------------------------------------------------
--  DDL for Index PK_CONTACTS
--------------------------------------------------------

  CREATE UNIQUE INDEX "SYSTEM"."PK_CONTACTS" ON "SYSTEM"."CONTACTS" ("CONTACT_ID") 
  PCTFREE 10 INITRANS 2 MAXTRANS 255 COMPUTE STATISTICS 
  STORAGE(INITIAL 65536 NEXT 1048576 MINEXTENTS 1 MAXEXTENTS 2147483645
  PCTINCREASE 0 FREELISTS 1 FREELIST GROUPS 1
  BUFFER_POOL DEFAULT FLASH_CACHE DEFAULT CELL_FLASH_CACHE DEFAULT)
  TABLESPACE "SYSTEM" ;
--------------------------------------------------------
--  DDL for Index PK_LOANS
--------------------------------------------------------

  CREATE UNIQUE INDEX "SYSTEM"."PK_LOANS" ON "SYSTEM"."LOANS" ("LOAN_ID") 
  PCTFREE 10 INITRANS 2 MAXTRANS 255 COMPUTE STATISTICS 
  STORAGE(INITIAL 65536 NEXT 1048576 MINEXTENTS 1 MAXEXTENTS 2147483645
  PCTINCREASE 0 FREELISTS 1 FREELIST GROUPS 1
  BUFFER_POOL DEFAULT FLASH_CACHE DEFAULT CELL_FLASH_CACHE DEFAULT)
  TABLESPACE "SYSTEM" ;
--------------------------------------------------------
--  Constraints for Table BANK_ACCOUNTS
--------------------------------------------------------

  ALTER TABLE "SYSTEM"."BANK_ACCOUNTS" ADD CONSTRAINT "PK_BANK_ACC" PRIMARY KEY ("ACCOUNT_NUMBER")
  USING INDEX PCTFREE 10 INITRANS 2 MAXTRANS 255 COMPUTE STATISTICS 
  STORAGE(INITIAL 65536 NEXT 1048576 MINEXTENTS 1 MAXEXTENTS 2147483645
  PCTINCREASE 0 FREELISTS 1 FREELIST GROUPS 1
  BUFFER_POOL DEFAULT FLASH_CACHE DEFAULT CELL_FLASH_CACHE DEFAULT)
  TABLESPACE "SYSTEM"  ENABLE;
--------------------------------------------------------
--  Constraints for Table CLIENTS
--------------------------------------------------------

  ALTER TABLE "SYSTEM"."CLIENTS" ADD CONSTRAINT "PK_CLIENTS" PRIMARY KEY ("CLIENT_ID")
  USING INDEX PCTFREE 10 INITRANS 2 MAXTRANS 255 COMPUTE STATISTICS 
  STORAGE(INITIAL 65536 NEXT 1048576 MINEXTENTS 1 MAXEXTENTS 2147483645
  PCTINCREASE 0 FREELISTS 1 FREELIST GROUPS 1
  BUFFER_POOL DEFAULT FLASH_CACHE DEFAULT CELL_FLASH_CACHE DEFAULT)
  TABLESPACE "SYSTEM"  ENABLE;
--------------------------------------------------------
--  Constraints for Table CONTACTS
--------------------------------------------------------

  ALTER TABLE "SYSTEM"."CONTACTS" ADD CONSTRAINT "PK_CONTACTS" PRIMARY KEY ("CONTACT_ID")
  USING INDEX PCTFREE 10 INITRANS 2 MAXTRANS 255 COMPUTE STATISTICS 
  STORAGE(INITIAL 65536 NEXT 1048576 MINEXTENTS 1 MAXEXTENTS 2147483645
  PCTINCREASE 0 FREELISTS 1 FREELIST GROUPS 1
  BUFFER_POOL DEFAULT FLASH_CACHE DEFAULT CELL_FLASH_CACHE DEFAULT)
  TABLESPACE "SYSTEM"  ENABLE;
--------------------------------------------------------
--  Constraints for Table LOANS
--------------------------------------------------------

  ALTER TABLE "SYSTEM"."LOANS" ADD CONSTRAINT "PK_LOANS" PRIMARY KEY ("LOAN_ID")
  USING INDEX PCTFREE 10 INITRANS 2 MAXTRANS 255 COMPUTE STATISTICS 
  STORAGE(INITIAL 65536 NEXT 1048576 MINEXTENTS 1 MAXEXTENTS 2147483645
  PCTINCREASE 0 FREELISTS 1 FREELIST GROUPS 1
  BUFFER_POOL DEFAULT FLASH_CACHE DEFAULT CELL_FLASH_CACHE DEFAULT)
  TABLESPACE "SYSTEM"  ENABLE;
--------------------------------------------------------
--  Ref Constraints for Table BANK_ACCOUNTS
--------------------------------------------------------

  ALTER TABLE "SYSTEM"."BANK_ACCOUNTS" ADD CONSTRAINT "FK_BANK_CLIENT" FOREIGN KEY ("CLIENT_ID")
	  REFERENCES "SYSTEM"."CLIENTS" ("CLIENT_ID") ENABLE;
--------------------------------------------------------
--  Ref Constraints for Table CONTACTS
--------------------------------------------------------

  ALTER TABLE "SYSTEM"."CONTACTS" ADD CONSTRAINT "FK_CONTACT_CLIENT" FOREIGN KEY ("CLIENT_ID")
	  REFERENCES "SYSTEM"."CLIENTS" ("CLIENT_ID") ENABLE;
--------------------------------------------------------
--  Ref Constraints for Table LOANS
--------------------------------------------------------

  ALTER TABLE "SYSTEM"."LOANS" ADD CONSTRAINT "FK_LOAN_CLIENT" FOREIGN KEY ("CLIENT_ID")
	  REFERENCES "SYSTEM"."CLIENTS" ("CLIENT_ID") ENABLE;
